{
    "\u041a\u043e\u043c\u0438": [
        -0.9222509768996037,
        0.7167259301023233
    ],
    "\u0410\u0434\u044b\u0433\u0435\u044f": [
        -1.0,
        0.6549918618347988
    ],
    "\u0417\u0430\u0431\u0430\u0439\u043a\u0430\u043b\u044c\u0441\u043a\u0438\u0439 \u043a\u0440\u0430\u0439": [
        0.18931516608739582,
        -0.8509632774171708
    ],
    "\u0410\u043b\u0442\u0430\u0439\u0441\u043a\u0438\u0439 \u043a\u0440\u0430\u0439": [
        0.079349975920037,
        -0.7749749331796674
    ],
    "\u0411\u0435\u043b\u0433\u043e\u0440\u043e\u0434\u0441\u043a\u0430\u044f \u043e\u0431\u043b.": [
        -0.030978164533876466,
        0.7319896511391278
    ],
    "\u0410\u0441\u0442\u0440\u0430\u0445\u0430\u043d\u0441\u043a\u0430\u044f \u043e\u0431\u043b.": [
        0.05496582071462966,
        0.6370094820373157
    ],
    "\u0421\u0430\u0440\u0430\u0442\u043e\u0432\u0441\u043a\u0430\u044f \u043e\u0431\u043b.": [
        0.10191325354616819,
        0.47538018266326626
    ],
    "\u0418\u0432\u0430\u043d\u043e\u0432\u0441\u043a\u0430\u044f \u043e\u0431\u043b.": [
        -0.1284363031721887,
        0.7176225097209883
    ],
    "\u041a\u0443\u0440\u0441\u043a\u0430\u044f \u043e\u0431\u043b.": [
        0.11166669115656272,
        0.42175871968645123
    ],
    "\u0412\u043b\u0430\u0434\u0438\u043c\u0438\u0440\u0441\u043a\u0430\u044f \u043e\u0431\u043b.": [
        0.002267690953026772,
        0.41472984321687373
    ],
    "\u041f\u0435\u0440\u043c\u0441\u043a\u0438\u0439 \u043a\u0440\u0430\u0439": [
        -0.0434590158922676,
        0.45682068986348273
    ],
    "\u0427\u0435\u043b\u044f\u0431\u0438\u043d\u0441\u043a\u0430\u044f \u043e\u0431\u043b.": [
        -0.07690701241460952,
        0.3380362906627195
    ],
    "\u041a\u0430\u043b\u0443\u0436\u0441\u043a\u0430\u044f \u043e\u0431\u043b.": [
        0.27246802190871605,
        0.45053457336854585
    ],
    "\u0412\u043e\u043b\u0433\u043e\u0433\u0440\u0430\u0434\u0441\u043a\u0430\u044f \u043e\u0431\u043b.": [
        0.43549473491714824,
        0.5062484994056206
    ],
    "\u041a\u0443\u0440\u0433\u0430\u043d\u0441\u043a\u0430\u044f \u043e\u0431\u043b.": [
        0.39348728657438603,
        0.46092774755756105
    ],
    "\u041e\u0440\u043b\u043e\u0432\u0441\u043a\u0430\u044f \u043e\u0431\u043b.": [
        0.5534917112778419,
        0.5568701189386472
    ],
    "\u0412\u043e\u043b\u043e\u0433\u043e\u0434\u0441\u043a\u0430\u044f \u043e\u0431\u043b.": [
        -0.20194072185151166,
        0.2855609916495075
    ],
    "\u0412\u043e\u0440\u043e\u043d\u0435\u0436\u0441\u043a\u0430\u044f \u043e\u0431\u043b.": [
        0.20031916878674685,
        0.4689273543097006
    ],
    "\u041a\u0440\u0430\u0441\u043d\u043e\u044f\u0440\u0441\u043a\u0438\u0439 \u043a\u0440\u0430\u0439": [
        0.3080209032750987,
        -0.7586699799374195
    ],
    "\u041c\u0430\u0440\u0438\u0439 \u042d\u043b": [
        0.20085475545506262,
        -0.9829414909524871
    ],
    "\u041c\u043e\u0440\u0434\u043e\u0432\u0438\u044f": [
        0.289512185665672,
        -0.7991518566066173
    ],
    "\u0422\u044e\u043c\u0435\u043d\u0441\u043a\u0430\u044f \u043e\u0431\u043b.": [
        0.11323851185976955,
        -0.9453815531809208
    ],
    "\u041a\u0430\u043b\u0438\u043d\u0438\u043d\u0433\u0440\u0430\u0434\u0441\u043a\u0430\u044f \u043e\u0431\u043b.": [
        -0.12089992495613561,
        0.5987236230766461
    ],
    "\u0422\u0432\u0435\u0440\u0441\u043a\u0430\u044f \u043e\u0431\u043b.": [
        0.12972901930496183,
        0.375570115456513
    ],
    "\u041a\u0430\u043c\u0447\u0430\u0442\u0441\u043a\u0438\u0439 \u043a\u0440\u0430\u0439": [
        0.3188580237928571,
        -0.6768766857735782
    ],
    "\u041f\u0440\u0438\u043c\u043e\u0440\u0441\u043a\u0438\u0439 \u043a\u0440\u0430\u0439": [
        0.399401855036684,
        -0.6913550179898232
    ],
    "\u0421\u0432\u0435\u0440\u0434\u043b\u043e\u0432\u0441\u043a\u0430\u044f \u043e\u0431\u043b.": [
        0.3639558378699062,
        -0.7256745935192425
    ],
    "\u0421\u0435\u0432\u0435\u0440\u043d\u0430\u044f \u041e\u0441\u0435\u0442\u0438\u044f": [
        0.37912899881450485,
        -0.6118805351352449
    ],
    "\u0423\u043b\u044c\u044f\u043d\u043e\u0432\u0441\u043a\u0430\u044f \u043e\u0431\u043b.": [
        0.2985997823823335,
        -0.5707103501188525
    ],
    "\u0425\u0430\u0431\u0430\u0440\u043e\u0432\u0441\u043a\u0438\u0439 \u043a\u0440\u0430\u0439": [
        0.351033416508263,
        -0.654927744223727
    ],
    "\u041c\u0430\u0433\u0430\u0434\u0430\u043d\u0441\u043a\u0430\u044f \u043e\u0431\u043b.": [
        -0.943721006627012,
        0.7004134980633417
    ],
    "\u041a\u0435\u043c\u0435\u0440\u043e\u0432\u0441\u043a\u0430\u044f \u043e\u0431\u043b.": [
        -0.8863837013312197,
        0.7806661420962956
    ],
    "\u041b\u0435\u043d\u0438\u043d\u0433\u0440\u0430\u0434\u0441\u043a\u0430\u044f \u043e\u0431\u043b.": [
        0.037577190573545846,
        0.3887534594502782
    ],
    "\u042f\u0440\u043e\u0441\u043b\u0430\u0432\u0441\u043a\u0430\u044f \u043e\u0431\u043b.": [
        0.05713654069796489,
        0.44403927481526456
    ],
    "\u0422\u0443\u043b\u044c\u0441\u043a\u0430\u044f \u043e\u0431\u043b.": [
        0.01422786923924631,
        0.2783380619790197
    ],
    "\u041b\u0438\u043f\u0435\u0446\u043a\u0430\u044f \u043e\u0431\u043b.": [
        -0.0728760853843333,
        0.2324752118703466
    ],
    "\u041e\u043c\u0441\u043a\u0430\u044f \u043e\u0431\u043b.": [
        0.06678431553464405,
        -0.5321881701115486
    ],
    "\u041c\u0443\u0440\u043c\u0430\u043d\u0441\u043a\u0430\u044f \u043e\u0431\u043b.": [
        0.16985412578183967,
        -0.5365991244992308
    ],
    "\u0422\u0430\u0442\u0430\u0440\u0441\u0442\u0430\u043d": [
        -0.14597962269423997,
        0.41480102976870475
    ],
    "\u0421\u0430\u0445\u0430\u043b\u0438\u043d\u0441\u043a\u0430\u044f \u043e\u0431\u043b.": [
        0.3847471284964987,
        -0.5177758277596282
    ],
    "\u042f\u043c\u0430\u043b\u043e-\u041d\u0435\u043d\u0435\u0446\u043a\u0438\u0439 \u0410\u041e": [
        -0.8177370300199069,
        -0.9390720775214154
    ],
    "\u0422\u043e\u043c\u0441\u043a\u0430\u044f \u043e\u0431\u043b.": [
        -0.8858304163546089,
        -0.9387716448067672
    ],
    "Башкортостан":
    [
        -0.8868304163546081,
        -0.9487716448067672
    ],
    "Ставропольский край":
    [
        -0.8968304163546082,
        -0.9487716448067672
    ],
    "Кабардино-Балкария":
    [
        -0.9168304163546083,
        -0.9687716448067672
    ],
    "Бурятия":
    [
        -0.9168304163546084,
        -0.9687716448067672
    ],
    "Оренбургская обл.":
    [
        -0.9168304163546085,
        -0.9687716448067672
    ],
    "Новосибирская обл.":
    [
        -0.9168304163546086,
        -0.9687716448067672
    ],
    "Брянская обл.":
    [
        -0.9168304163546087,
        -0.9687716448067672
    ],
    "Тамбовская обл.":
    [
        -0.9168304163546088,
        -0.9687716448067672
    ],
    "Архангельская обл.":
    [
        -0.9168304163546089,
        -0.9687716448067672
    ],
    "Иркутская обл.":
    [
        -0.9168304163546090,
        -0.9687716448067672
    ],
    "Карелия":
    [
        -0.9168304163546091,
        -0.9687716448067672
    ],
    "Хакасия":
    [
        -0.9168304163546092,
        -0.9687716448067672
    ],
    "Тыва":
    [
        -0.9168304163546093,
        -0.9687716448067672
    ],
    "ХМАО – Югра":
    [
        -0.9168304163546094,
        -0.9687716448067672
    ],
    "Калмыкия":
    [
        -0.9168304163546095,
        -0.9687716448067672
    ],
    "Чувашия":
    [
        -0.9168304163546096,
        -0.9687716448067672
    ],
    "Кировская обл.":
    [
        -0.9168304163546089,
        -0.9687716448067672
    ],
    "Пензенская обл.":
    [
        -0.9168304163546097,
        -0.9687716448067672
    ],